-- phpMyAdmin SQL Dump
-- version 3.4.5
-- http://www.phpmyadmin.net
--
-- Host: localhost
-- Generation Time: Oct 02, 2011 at 12:25 PM
-- Server version: 5.5.16
-- PHP Version: 5.3.8

SET SQL_MODE="NO_AUTO_VALUE_ON_ZERO";
SET time_zone = "+00:00";


/*!40101 SET @OLD_CHARACTER_SET_CLIENT=@@CHARACTER_SET_CLIENT */;
/*!40101 SET @OLD_CHARACTER_SET_RESULTS=@@CHARACTER_SET_RESULTS */;
/*!40101 SET @OLD_COLLATION_CONNECTION=@@COLLATION_CONNECTION */;
/*!40101 SET NAMES utf8 */;

--
-- Database: `qcert_prh`
--

-- --------------------------------------------------------

--
-- Table structure for table `admin`
--

CREATE TABLE IF NOT EXISTS `admin` (
  `admin_id` tinyint(1) NOT NULL AUTO_INCREMENT,
  `name` varchar(100) NOT NULL,
  `username` varchar(20) NOT NULL,
  `password` varchar(255) NOT NULL,
  `email` varchar(50) NOT NULL,
  `is_super_admin` tinyint(1) NOT NULL DEFAULT '2',
  `active` tinyint(1) NOT NULL DEFAULT '1',
  PRIMARY KEY (`admin_id`),
  UNIQUE KEY `name` (`name`,`email`)
) ENGINE=InnoDB  DEFAULT CHARSET=latin1 AUTO_INCREMENT=4 ;

--
-- Dumping data for table `admin`
--

INSERT INTO `admin` (`admin_id`, `name`, `username`, `password`, `email`, `is_super_admin`, `active`) VALUES
(1, 'QCERT Admin''s', 'admin', 'a6dc00d8651e76e7012001c67163c708870579b5', 'sreejith@malomatia.com', 1, 1),
(2, 'ICT Admin''s', 'ictadmin2', 'bd9f01ea43ebe75a95276915edc1b2464661b566', 'sreejith@malomatia.com', 2, 1),
(3, 'Mounir Kamal', 'mkamal', '146f6dcd5316a6a0b8ad23b274e3fb8402df003e', 'mkmail@qcert.org', 1, 1);

-- --------------------------------------------------------

--
-- Table structure for table `answers`
--

CREATE TABLE IF NOT EXISTS `answers` (
  `answer_id` tinyint(1) NOT NULL AUTO_INCREMENT,
  `answer_text_en` varchar(255) NOT NULL,
  `answer_text_ar` varchar(255) NOT NULL,
  PRIMARY KEY (`answer_id`),
  UNIQUE KEY `answer_text_en` (`answer_text_en`,`answer_text_ar`),
  KEY `answer_text_en_2` (`answer_text_en`),
  KEY `answer_text_ar` (`answer_text_ar`)
) ENGINE=InnoDB  DEFAULT CHARSET=utf8 AUTO_INCREMENT=4 ;

--
-- Dumping data for table `answers`
--

INSERT INTO `answers` (`answer_id`, `answer_text_en`, `answer_text_ar`) VALUES
(3, 'Don''t Know', 'لا أعرف'),
(2, 'No', 'لا'),
(1, 'Yes', 'نعم');

-- --------------------------------------------------------

--
-- Table structure for table `bestpractices`
--

CREATE TABLE IF NOT EXISTS `bestpractices` (
  `bestpractice_id` int(1) NOT NULL AUTO_INCREMENT,
  `text_en` text NOT NULL,
  `text_ar` text NOT NULL,
  `incident_category_id` tinyint(1) NOT NULL,
  `active` int(11) NOT NULL,
  PRIMARY KEY (`bestpractice_id`),
  KEY `incident_category_id` (`incident_category_id`)
) ENGINE=InnoDB  DEFAULT CHARSET=utf8 AUTO_INCREMENT=20 ;

--
-- Dumping data for table `bestpractices`
--

INSERT INTO `bestpractices` (`bestpractice_id`, `text_en`, `text_ar`, `incident_category_id`, `active`) VALUES
(12, 'Keep your operating system and software current.', 'Configure your operating system to install security patches automatically. Check the websites of other installed software periodically for security patches and updates.', 2, 1),
(13, 'Use antivirus, antispyware software.', 'Use antivirus and antispyware software to protect you and your computer against viruses spyware, and keep them current.', 2, 1),
(15, 'Enable your Firewall.', 'Always make sure to enable your firewall which is built-in your operating system or use Firewall software to protect you against intruders and attacks and stop unauthorized connections.', 2, 1),
(16, 'Don''t open untrusted files and don’t install untrusted software.', 'Only download and install reputable software from authoritative sources. \nDon''t open email attachments if you don''t recognize the sender or you weren''t expecting an attachment.', 2, 1),
(17, 'Unnecessary Software', 'Avoid installing unnecessary software, just install what you really need.', 2, 1),
(18, 'Protect your passwords', 'Create easy to remember, hard to guess passwords and never share them with other people. Don''t use the same password everywhere. And if you write them down, keep them in a secure location.', 2, 1),
(19, 'Securing you Browser', 'Update your browser and always use the most up-to-date version and apply the latest patches and updates.\n\nAvoid using plugins, make sure the plugins you do have are the latest version.\n\nDon’t accept cookies and scripting languages unless you know their purpose. \n\nBefore you type sensitive information into a web page like your credit card number or your personal details, look  first for a lock icon on your browser or https:// in the URL to verify its security.', 2, 1);

-- --------------------------------------------------------

--
-- Table structure for table `checklist`
--

CREATE TABLE IF NOT EXISTS `checklist` (
  `question_id` mediumint(1) unsigned NOT NULL AUTO_INCREMENT,
  `question_text_en` text NOT NULL,
  `question_text_ar` text NOT NULL,
  `incident_category_id` tinyint(1) DEFAULT NULL,
  `type` varchar(1) NOT NULL COMMENT 'This field stores the question type.1=>Level 1 checklist,2=>Level 2 checklist',
  `priority` tinyint(1) NOT NULL COMMENT 'Stores the display order in the front-end',
  `sample_image` varchar(255) NOT NULL,
  `active` tinyint(1) NOT NULL,
  PRIMARY KEY (`question_id`),
  KEY `incident_category_id` (`incident_category_id`)
) ENGINE=InnoDB  DEFAULT CHARSET=utf8 AUTO_INCREMENT=20 ;

--
-- Dumping data for table `checklist`
--

INSERT INTO `checklist` (`question_id`, `question_text_en`, `question_text_ar`, `incident_category_id`, `type`, `priority`, `sample_image`, `active`) VALUES
(1, 'Popup windows for advertising over internet or software installation..', 'هل تظهر لك رسائل ترويجية من حين لآخر  بصورة غير متوقعة؟', 2, '1', 1, 'ece1a60cb1446e179af88ab849703ff1.jpg', 1),
(2, 'Antivirus has been disabled', 'هل تم تعطيل برامج مكافحة الفيروسات على حاسبك ؟', 2, '1', 2, '4d0f98403d9afbdfee52ce9de939b5dd.png', 1),
(3, 'Unable to Access task manager or Command Prompt', 'هل أصبحت غير قادر على الوصول إلى نافذة  إدارة المهام أو موجه الأوامر؟', 2, '1', 3, '95ee850a004690face06aded44c41724.gif', 1),
(4, 'Do you have peer-to-peer software', 'هل مثبت على حاسبك تطبيق من تطبيقات الند - للند ؟', 2, '1', 4, 'a53ad3c944f19192edb42b57ed127e91.jpg', 1),
(5, 'Do you do malware scanning using web interface', 'تفعل الخبيثة المسح باستخدام واجهة ويب', 2, '2', 1, '', 1),
(6, 'Do you check network connection for other IP connections', 'هل تحقق من اتصال شبكة لاتصالات الملكية الفكرية الأخرى', 2, '2', 2, '', 0),
(7, 'Do you have a password on your computer?', 'هل لديك كلمة مرور على جهاز الكمبيوتر الخاص بك؟', 2, '3', 1, '', 1),
(9, 'Do you update your computer by the latest fixes and patches?', 'هل تحديث جهاز الكمبيوتر الخاص بك عن طريق الإصلاحات الماضي والبقع؟', 2, '3', 2, '', 1),
(10, 'Desktop or Webpage or some type of notice that your PC is infected', 'هل تظهر لك رسائل تحذيرية بإصابة حاسبك بالفيروسات؟', 2, '1', 5, 'ae9d880c1294235dbc71248c96a0d6ad.png', 1),
(11, 'Internet Browser Homepage has been changed or Extra Toolbar', 'هل تم تغيير صفحة البداية في  متصفح الانترنت بشكل مفاجئ أو إضافة شريط أدوات جديد دون أن تقوم أنت بذلك ؟', 2, '1', 6, '27f3b9d4557645b2b40f271540efc72a.jpg', 1),
(12, 'Unknown icons in your desktop', 'هل لاحظت ظهور أيقونات غير معروفة علي سطح المكتب دون أن تقوم أنت بذلك؟', 2, '1', 7, 'f57449122cfecfdd36337e9c75ab45dd.jpg', 1),
(13, 'Programs start slowly, run slowly or do not run at all', 'هل لاحظت أن التطبيقات و البرامج المثبتة على حاسبك لا تعمل بشكل سليم أو أن بعضها توقف عن التشغيل تماماً ؟', 2, '1', 8, '7730fbf79338393d59b8781a8e8aefaf.jpg', 1),
(14, 'Your computer is very slow, hang, or restart for no reason', 'هل لاحظت بطئً ملحوظاً في أداء الجهاز مقارنة بالوضع العادي ، أو التوقف عن الاستجابة بشكل متكرر (مثل جمود الشاشة أو مؤشر الفأرة) أو إعادة التشغيل تلقائياً دون تدخلك ؟', 2, '1', 9, 'cd297bd89fe9a2550c42f304d7cd7b4e.jpg', 1),
(15, 'Do you check network connection for other IP connections?\nyou can run it by netstat -an', 'Do you check network connection for other IP connections?\nyou can run it by netstat -an', 1, '2', 2, '', 1),
(16, 'Do you check network connection for other IP connections?\nyou can run it by netstat -an', 'Do you check network connection for other IP connections?\nyou can run it by netstat -an', 2, '2', 1, '', 1),
(17, 'Do you check network utilization between send and received packets?', 'Do you check network utilization between send and received packets?', 2, '2', 3, '', 1),
(18, 'Do you check the registry autorun or msconfig setting?', 'Do you check the registry autorun or msconfig setting?', 2, '2', 4, '', 1),
(19, 'Do you check processes list for malicious process?', 'Do you check processes list for malicious process?', 2, '2', 5, '', 1);

-- --------------------------------------------------------

--
-- Table structure for table `checklist1_user_data`
--

CREATE TABLE IF NOT EXISTS `checklist1_user_data` (
  `checklist1_user_data_id` int(1) NOT NULL AUTO_INCREMENT,
  `checklist_user_id` int(1) NOT NULL,
  `question_id` mediumint(1) unsigned NOT NULL,
  `selected_answer_id` tinyint(1) NOT NULL,
  `selected_answer_weight` enum('A','B','C','D') NOT NULL,
  PRIMARY KEY (`checklist1_user_data_id`),
  KEY `question_id` (`question_id`),
  KEY `selected_answer_id` (`selected_answer_id`),
  KEY `checklist_user_id` (`checklist_user_id`)
) ENGINE=InnoDB  DEFAULT CHARSET=latin1 AUTO_INCREMENT=489 ;

--
-- Dumping data for table `checklist1_user_data`
--

INSERT INTO `checklist1_user_data` (`checklist1_user_data_id`, `checklist_user_id`, `question_id`, `selected_answer_id`, `selected_answer_weight`) VALUES
(1, 1, 1, 2, 'A'),
(2, 1, 2, 2, 'A'),
(3, 1, 3, 2, 'A'),
(4, 1, 4, 3, 'B'),
(5, 1, 10, 3, 'B'),
(6, 1, 11, 2, 'A'),
(7, 1, 12, 2, 'A'),
(8, 1, 13, 2, 'A'),
(9, 1, 14, 2, 'A'),
(10, 2, 1, 2, 'A'),
(11, 2, 2, 3, 'B'),
(12, 2, 3, 3, 'B'),
(13, 2, 4, 2, 'A'),
(14, 2, 10, 2, 'A'),
(15, 2, 11, 2, 'A'),
(16, 2, 12, 3, 'B'),
(17, 2, 13, 2, 'A'),
(18, 2, 14, 2, 'A'),
(19, 3, 1, 1, 'D'),
(20, 3, 2, 1, 'D'),
(21, 3, 3, 1, 'D'),
(22, 4, 1, 1, 'D'),
(23, 4, 2, 1, 'D'),
(24, 4, 4, 1, 'D'),
(25, 4, 10, 2, 'A'),
(26, 4, 11, 2, 'A'),
(27, 4, 12, 3, 'B'),
(28, 4, 14, 3, 'B'),
(29, 5, 1, 1, 'D'),
(30, 5, 2, 1, 'D'),
(31, 5, 3, 1, 'D'),
(32, 5, 4, 2, 'A'),
(33, 5, 10, 2, 'A'),
(34, 5, 11, 3, 'B'),
(35, 5, 12, 3, 'B'),
(36, 6, 1, 1, 'D'),
(37, 6, 2, 2, 'A'),
(38, 6, 3, 1, 'D'),
(39, 6, 4, 1, 'D'),
(40, 6, 11, 3, 'B'),
(41, 6, 12, 3, 'B'),
(42, 7, 1, 1, 'D'),
(43, 7, 2, 2, 'A'),
(44, 7, 3, 1, 'D'),
(45, 7, 4, 1, 'D'),
(46, 7, 11, 3, 'B'),
(47, 7, 12, 3, 'B'),
(48, 8, 1, 1, 'D'),
(49, 8, 2, 2, 'A'),
(50, 8, 3, 1, 'D'),
(51, 8, 4, 1, 'D'),
(52, 8, 11, 3, 'B'),
(53, 8, 12, 3, 'B'),
(54, 9, 1, 1, 'D'),
(55, 9, 2, 2, 'A'),
(56, 9, 3, 1, 'D'),
(57, 9, 4, 1, 'D'),
(58, 9, 11, 3, 'B'),
(59, 9, 12, 3, 'B'),
(60, 10, 1, 2, 'A'),
(61, 10, 2, 2, 'A'),
(62, 10, 10, 3, 'B'),
(63, 10, 11, 2, 'A'),
(64, 10, 12, 2, 'A'),
(65, 10, 14, 3, 'B'),
(66, 11, 1, 1, 'D'),
(67, 11, 2, 1, 'D'),
(68, 11, 4, 1, 'D'),
(69, 11, 11, 3, 'B'),
(70, 11, 12, 2, 'A'),
(71, 12, 1, 1, 'D'),
(72, 12, 2, 1, 'D'),
(73, 12, 4, 1, 'D'),
(74, 12, 11, 3, 'B'),
(75, 12, 12, 2, 'A'),
(76, 13, 1, 1, 'D'),
(77, 13, 2, 1, 'D'),
(78, 13, 4, 1, 'D'),
(79, 13, 11, 3, 'B'),
(80, 13, 12, 2, 'A'),
(81, 14, 1, 2, 'A'),
(82, 14, 2, 2, 'A'),
(83, 14, 3, 2, 'A'),
(84, 14, 4, 2, 'A'),
(85, 14, 10, 2, 'A'),
(86, 14, 12, 3, 'B'),
(87, 14, 14, 3, 'B'),
(88, 15, 1, 2, 'A'),
(89, 15, 3, 2, 'A'),
(90, 15, 13, 3, 'B'),
(91, 16, 1, 1, 'D'),
(92, 16, 2, 1, 'D'),
(93, 16, 3, 1, 'D'),
(94, 16, 4, 3, 'B'),
(95, 17, 1, 1, 'D'),
(96, 17, 2, 1, 'D'),
(97, 17, 3, 1, 'D'),
(98, 17, 4, 3, 'B'),
(99, 18, 1, 1, 'D'),
(100, 18, 2, 1, 'D'),
(101, 18, 3, 1, 'D'),
(102, 18, 4, 3, 'B'),
(103, 19, 1, 1, 'D'),
(104, 19, 2, 1, 'D'),
(105, 19, 3, 1, 'D'),
(106, 19, 4, 3, 'B'),
(107, 20, 1, 1, 'D'),
(108, 20, 2, 2, 'A'),
(109, 20, 3, 1, 'D'),
(110, 20, 4, 3, 'B'),
(111, 21, 1, 1, 'D'),
(112, 21, 2, 2, 'A'),
(113, 21, 3, 1, 'D'),
(114, 21, 4, 3, 'B'),
(115, 22, 1, 1, 'D'),
(116, 22, 2, 2, 'A'),
(117, 22, 3, 1, 'D'),
(118, 22, 4, 3, 'B'),
(119, 23, 1, 1, 'D'),
(120, 23, 2, 2, 'A'),
(121, 23, 3, 1, 'D'),
(122, 23, 4, 3, 'B'),
(123, 24, 1, 1, 'D'),
(124, 24, 2, 2, 'A'),
(125, 24, 3, 1, 'D'),
(126, 24, 4, 3, 'B'),
(127, 25, 1, 1, 'D'),
(128, 25, 2, 2, 'A'),
(129, 25, 3, 1, 'D'),
(130, 25, 4, 3, 'B'),
(131, 26, 1, 1, 'D'),
(132, 26, 2, 2, 'A'),
(133, 26, 3, 1, 'D'),
(134, 26, 4, 3, 'B'),
(135, 27, 1, 1, 'D'),
(136, 27, 2, 2, 'A'),
(137, 27, 3, 1, 'D'),
(138, 27, 4, 3, 'B'),
(139, 28, 1, 1, 'D'),
(140, 28, 2, 2, 'A'),
(141, 28, 3, 1, 'D'),
(142, 28, 4, 3, 'B'),
(143, 29, 1, 1, 'D'),
(144, 29, 2, 1, 'D'),
(145, 29, 3, 1, 'D'),
(146, 29, 4, 2, 'A'),
(147, 29, 11, 3, 'B'),
(148, 29, 13, 1, 'C'),
(149, 29, 14, 1, 'C'),
(150, 30, 1, 1, 'D'),
(151, 30, 2, 1, 'D'),
(152, 30, 3, 1, 'D'),
(153, 30, 4, 2, 'A'),
(154, 30, 10, 3, 'B'),
(155, 30, 11, 1, 'D'),
(156, 30, 12, 3, 'B'),
(157, 30, 13, 1, 'C'),
(158, 30, 14, 2, 'A'),
(159, 31, 1, 1, 'D'),
(160, 31, 2, 1, 'D'),
(161, 31, 3, 2, 'A'),
(162, 31, 4, 1, 'D'),
(163, 31, 10, 3, 'B'),
(164, 31, 11, 1, 'D'),
(165, 31, 12, 1, 'D'),
(166, 31, 13, 2, 'A'),
(167, 31, 14, 3, 'B'),
(168, 32, 1, 1, 'D'),
(169, 32, 2, 1, 'D'),
(170, 32, 3, 2, 'A'),
(171, 32, 4, 1, 'D'),
(172, 32, 10, 3, 'B'),
(173, 32, 11, 1, 'D'),
(174, 32, 12, 1, 'D'),
(175, 32, 13, 2, 'A'),
(176, 32, 14, 3, 'B'),
(177, 33, 1, 1, 'D'),
(178, 33, 2, 2, 'A'),
(179, 33, 3, 1, 'D'),
(180, 33, 4, 2, 'A'),
(181, 33, 10, 1, 'D'),
(182, 33, 11, 2, 'A'),
(183, 33, 12, 1, 'D'),
(184, 33, 13, 3, 'B'),
(185, 33, 14, 1, 'C'),
(186, 34, 1, 2, 'A'),
(187, 34, 2, 2, 'A'),
(188, 34, 3, 2, 'A'),
(189, 35, 1, 1, 'D'),
(190, 35, 2, 2, 'A'),
(191, 35, 3, 1, 'D'),
(192, 35, 4, 1, 'D'),
(193, 35, 10, 1, 'D'),
(194, 35, 13, 2, 'A'),
(195, 35, 14, 1, 'C'),
(196, 36, 1, 2, 'A'),
(197, 36, 2, 3, 'B'),
(198, 36, 3, 2, 'A'),
(199, 37, 1, 2, 'A'),
(200, 37, 3, 1, 'D'),
(309, 50, 1, 1, 'D'),
(310, 50, 2, 1, 'D'),
(311, 50, 3, 1, 'D'),
(312, 50, 4, 1, 'D'),
(313, 50, 10, 1, 'D'),
(314, 50, 11, 2, 'A'),
(315, 50, 12, 2, 'A'),
(316, 50, 13, 2, 'A'),
(317, 50, 14, 2, 'A'),
(318, 51, 1, 1, 'D'),
(319, 51, 2, 1, 'D'),
(320, 51, 3, 1, 'D'),
(321, 51, 4, 2, 'A'),
(322, 51, 10, 2, 'A'),
(323, 51, 11, 3, 'B'),
(324, 51, 12, 2, 'A'),
(325, 51, 13, 1, 'C'),
(326, 51, 14, 1, 'C'),
(336, 53, 1, 1, 'D'),
(337, 53, 2, 1, 'D'),
(338, 53, 3, 1, 'D'),
(339, 53, 4, 2, 'A'),
(340, 53, 10, 1, 'D'),
(341, 53, 11, 1, 'D'),
(342, 53, 12, 2, 'A'),
(343, 53, 13, 2, 'A'),
(344, 53, 14, 1, 'C'),
(354, 55, 1, 1, 'D'),
(355, 55, 2, 1, 'D'),
(356, 55, 3, 1, 'D'),
(357, 55, 4, 3, 'B'),
(358, 55, 10, 2, 'A'),
(359, 55, 11, 1, 'D'),
(360, 55, 12, 3, 'B'),
(361, 55, 13, 1, 'C'),
(362, 55, 14, 2, 'A'),
(363, 56, 1, 1, 'D'),
(364, 56, 2, 1, 'D'),
(365, 56, 3, 1, 'D'),
(366, 56, 4, 1, 'D'),
(367, 56, 10, 1, 'D'),
(368, 56, 11, 1, 'D'),
(369, 56, 12, 1, 'D'),
(370, 56, 13, 1, 'C'),
(371, 56, 14, 1, 'C'),
(372, 57, 1, 1, 'D'),
(373, 57, 2, 3, 'B'),
(374, 57, 3, 1, 'D'),
(375, 57, 4, 2, 'A'),
(376, 57, 10, 1, 'D'),
(377, 57, 11, 2, 'A'),
(378, 57, 12, 3, 'B'),
(379, 57, 13, 3, 'B'),
(380, 57, 14, 3, 'B'),
(381, 58, 1, 3, 'B'),
(382, 58, 2, 3, 'B'),
(383, 58, 3, 3, 'B'),
(384, 58, 4, 3, 'B'),
(385, 58, 10, 3, 'B'),
(386, 58, 11, 3, 'B'),
(387, 58, 12, 3, 'B'),
(388, 58, 13, 3, 'B'),
(389, 58, 14, 3, 'B'),
(390, 59, 1, 1, 'D'),
(391, 59, 2, 1, 'D'),
(392, 59, 3, 1, 'D'),
(393, 59, 4, 1, 'D'),
(394, 59, 10, 1, 'D'),
(395, 59, 11, 1, 'D'),
(396, 59, 12, 1, 'D'),
(397, 59, 13, 1, 'C'),
(398, 59, 14, 1, 'C'),
(399, 60, 1, 2, 'A'),
(400, 60, 2, 2, 'A'),
(401, 60, 3, 2, 'A'),
(402, 60, 4, 2, 'A'),
(403, 60, 10, 2, 'A'),
(404, 60, 11, 2, 'A'),
(405, 60, 12, 2, 'A'),
(406, 60, 13, 2, 'A'),
(407, 60, 14, 2, 'A'),
(408, 61, 1, 2, 'A'),
(409, 61, 2, 1, 'D'),
(410, 61, 3, 2, 'A'),
(411, 61, 4, 2, 'A'),
(412, 61, 10, 2, 'A'),
(413, 61, 11, 2, 'A'),
(414, 61, 12, 2, 'A'),
(415, 61, 13, 2, 'A'),
(416, 61, 14, 2, 'A'),
(417, 62, 1, 1, 'D'),
(418, 62, 2, 1, 'D'),
(419, 62, 3, 3, 'B'),
(420, 62, 4, 1, 'D'),
(421, 62, 10, 1, 'D'),
(422, 62, 11, 1, 'D'),
(423, 62, 12, 1, 'D'),
(424, 62, 13, 1, 'C'),
(425, 62, 14, 1, 'C'),
(426, 63, 1, 1, 'D'),
(427, 63, 2, 1, 'D'),
(428, 63, 3, 1, 'D'),
(429, 63, 4, 1, 'D'),
(430, 63, 10, 3, 'B'),
(431, 63, 11, 1, 'D'),
(432, 63, 12, 1, 'D'),
(433, 63, 13, 1, 'C'),
(434, 63, 14, 1, 'C'),
(435, 64, 1, 1, 'D'),
(436, 64, 2, 1, 'D'),
(437, 64, 3, 1, 'D'),
(438, 64, 4, 1, 'D'),
(439, 64, 10, 1, 'D'),
(440, 64, 11, 2, 'A'),
(441, 64, 12, 2, 'A'),
(442, 64, 13, 2, 'A'),
(443, 64, 14, 1, 'C'),
(444, 65, 1, 1, 'D'),
(445, 65, 2, 1, 'D'),
(446, 65, 3, 1, 'D'),
(447, 65, 4, 1, 'D'),
(448, 65, 10, 1, 'D'),
(449, 65, 11, 1, 'D'),
(450, 65, 12, 1, 'D'),
(451, 65, 13, 1, 'C'),
(452, 65, 14, 1, 'C'),
(453, 66, 1, 1, 'D'),
(454, 66, 2, 1, 'D'),
(455, 66, 3, 2, 'A'),
(456, 66, 4, 1, 'D'),
(457, 66, 10, 2, 'A'),
(458, 66, 11, 2, 'A'),
(459, 66, 12, 2, 'A'),
(460, 66, 13, 2, 'A'),
(461, 66, 14, 3, 'B'),
(462, 67, 1, 1, 'D'),
(463, 67, 2, 1, 'D'),
(464, 67, 3, 1, 'D'),
(465, 67, 4, 1, 'D'),
(466, 67, 10, 1, 'D'),
(467, 67, 11, 1, 'D'),
(468, 67, 12, 1, 'D'),
(469, 67, 13, 1, 'C'),
(470, 67, 14, 1, 'C'),
(471, 68, 1, 1, 'D'),
(472, 68, 2, 1, 'D'),
(473, 68, 3, 1, 'D'),
(474, 68, 4, 2, 'A'),
(475, 68, 10, 2, 'A'),
(476, 68, 11, 3, 'B'),
(477, 68, 12, 3, 'B'),
(478, 68, 13, 1, 'C'),
(479, 68, 14, 2, 'A'),
(480, 69, 1, 1, 'D'),
(481, 69, 2, 2, 'A'),
(482, 69, 3, 3, 'B'),
(483, 69, 4, 2, 'A'),
(484, 69, 10, 2, 'A'),
(485, 69, 11, 1, 'D'),
(486, 69, 12, 1, 'D'),
(487, 69, 13, 2, 'A'),
(488, 69, 14, 2, 'A');

-- --------------------------------------------------------

--
-- Table structure for table `checklist2_user_data`
--

CREATE TABLE IF NOT EXISTS `checklist2_user_data` (
  `checklist2_user_data_id` int(1) NOT NULL AUTO_INCREMENT,
  `checklist_user_id` int(1) NOT NULL,
  `question_id` mediumint(1) unsigned NOT NULL,
  `selected_answer_id` tinyint(1) NOT NULL,
  `selected_answer_weight` enum('A','B','C','D') NOT NULL,
  `comments` text CHARACTER SET utf8 NOT NULL,
  PRIMARY KEY (`checklist2_user_data_id`),
  KEY `question_id` (`question_id`),
  KEY `selected_answer_id` (`selected_answer_id`),
  KEY `checklist_user_id` (`checklist_user_id`)
) ENGINE=InnoDB  DEFAULT CHARSET=latin1 AUTO_INCREMENT=124 ;

--
-- Dumping data for table `checklist2_user_data`
--

INSERT INTO `checklist2_user_data` (`checklist2_user_data_id`, `checklist_user_id`, `question_id`, `selected_answer_id`, `selected_answer_weight`, `comments`) VALUES
(1, 3, 5, 1, 'D', 'Dont know'),
(2, 3, 6, 1, 'D', 'No idea'),
(3, 4, 5, 1, 'D', 'Good'),
(4, 4, 6, 1, 'D', 'Bad'),
(5, 5, 5, 1, 'D', 'Good'),
(6, 5, 6, 1, 'D', 'bad'),
(7, 8, 5, 1, 'D', ''),
(8, 8, 6, 1, 'D', ''),
(9, 9, 5, 2, 'B', 'Good'),
(10, 9, 6, 3, 'B', 'Bad'),
(11, 11, 5, 1, 'D', 'xbvxczb'),
(12, 11, 6, 1, 'D', 'vbcv fcgbndfbdaf ndf '),
(13, 12, 5, 1, 'D', 'jk;jk'),
(14, 12, 6, 2, 'A', ';jk;jkljk'),
(15, 13, 5, 1, 'D', 'jk;jk'),
(16, 13, 6, 2, 'A', ';jk;jkljk'),
(17, 16, 5, 1, 'D', 'Comments'),
(18, 16, 6, 2, 'A', 'Comments'),
(19, 17, 5, 1, 'D', 'Comments'),
(20, 17, 6, 2, 'A', 'Comments'),
(21, 18, 5, 2, 'B', 'Comments'),
(22, 18, 6, 1, 'D', 'Comments'),
(23, 19, 5, 2, 'B', 'Comments'),
(24, 19, 6, 3, 'B', 'Comments'),
(25, 20, 5, 1, 'D', 'Comments'),
(26, 20, 6, 3, 'B', 'Comments'),
(27, 21, 5, 1, 'D', 'Comments'),
(28, 21, 6, 3, 'B', 'Comments'),
(29, 22, 5, 1, 'D', 'Comments'),
(30, 22, 6, 3, 'B', 'Comments'),
(31, 23, 5, 1, 'D', 'Comments'),
(32, 23, 6, 3, 'B', 'Comments'),
(33, 24, 5, 1, 'D', 'Comments'),
(34, 24, 6, 3, 'B', 'Comments'),
(35, 25, 5, 1, 'D', 'Comments'),
(36, 25, 6, 3, 'B', 'Comments'),
(37, 26, 5, 1, 'D', 'Comments'),
(38, 26, 6, 3, 'B', 'Comments'),
(39, 27, 5, 1, 'D', 'Comments'),
(40, 27, 6, 3, 'B', 'Comments'),
(41, 28, 5, 1, 'D', 'Comments'),
(42, 28, 6, 3, 'B', 'Comments'),
(43, 29, 5, 1, 'D', 'http://213.130.111.52/qcert/'),
(44, 29, 6, 3, 'B', 'http://213.130.111.52/qcert/'),
(45, 30, 5, 1, 'D', 'Comments'),
(46, 30, 6, 1, 'D', 'Comments'),
(47, 31, 5, 1, 'D', 'I dont know what is a malware'),
(48, 31, 6, 2, 'A', 'I dont know what is an IP'),
(49, 32, 5, 1, 'D', 'I dont know what is a malware'),
(50, 32, 6, 2, 'A', 'I dont know what is an IP'),
(51, 33, 5, 1, 'D', 'ASDF'),
(52, 33, 6, 2, 'A', 'ZXCV'),
(53, 35, 5, 1, 'D', ''),
(54, 35, 6, 3, 'B', ''),
(55, 50, 5, 1, 'D', ''),
(56, 50, 5, 1, 'D', ''),
(57, 50, 16, 1, 'A', ''),
(58, 50, 17, 3, 'C', ''),
(59, 50, 18, 2, 'D', ''),
(60, 50, 19, 3, 'C', ''),
(61, 50, 5, 1, 'D', ''),
(62, 50, 16, 1, 'A', ''),
(63, 50, 17, 3, 'C', ''),
(64, 50, 18, 2, 'D', ''),
(65, 50, 19, 3, 'C', ''),
(66, 50, 5, 1, 'D', ''),
(67, 50, 16, 1, 'A', ''),
(68, 50, 17, 3, 'C', ''),
(69, 50, 18, 2, 'D', ''),
(70, 50, 19, 3, 'C', ''),
(71, 53, 5, 1, 'D', ''),
(72, 53, 5, 1, 'D', ''),
(73, 53, 16, 2, 'B', ''),
(74, 53, 17, 2, 'B', ''),
(75, 53, 18, 1, 'B', ''),
(76, 53, 19, 3, 'C', ''),
(77, 51, 5, 1, 'D', ''),
(78, 51, 16, 1, 'A', ''),
(79, 51, 17, 2, 'B', ''),
(80, 51, 18, 3, 'B', ''),
(81, 51, 19, 1, 'B', ''),
(82, 55, 5, 2, 'B', ''),
(83, 55, 16, 2, 'B', ''),
(84, 55, 17, 3, 'C', ''),
(85, 56, 5, 2, 'B', ''),
(86, 56, 16, 2, 'B', ''),
(87, 56, 17, 2, 'B', ''),
(88, 56, 18, 2, 'D', ''),
(89, 56, 19, 2, 'A', ''),
(90, 57, 5, 2, 'B', ''),
(91, 57, 16, 2, 'B', ''),
(92, 57, 17, 1, 'A', ''),
(93, 57, 18, 3, 'B', ''),
(94, 57, 19, 1, 'B', 'I check process list'),
(95, 59, 5, 2, 'B', ''),
(96, 59, 16, 3, 'C', ''),
(97, 59, 17, 2, 'B', ''),
(98, 59, 18, 3, 'B', ''),
(99, 59, 19, 2, 'A', ''),
(100, 62, 5, 2, 'B', ''),
(101, 62, 16, 2, 'B', ''),
(102, 62, 5, 2, 'B', ''),
(103, 62, 16, 2, 'B', ''),
(104, 63, 5, 2, 'B', ''),
(105, 63, 16, 2, 'B', ''),
(106, 63, 17, 2, 'B', ''),
(107, 63, 18, 2, 'D', ''),
(108, 63, 19, 2, 'A', ''),
(109, 65, 5, 1, 'D', ''),
(110, 65, 16, 1, 'A', ''),
(111, 65, 17, 1, 'A', ''),
(112, 66, 5, 2, 'B', ''),
(113, 66, 16, 1, 'A', ''),
(114, 67, 5, 1, 'D', ''),
(115, 67, 16, 1, 'A', ''),
(116, 67, 17, 1, 'A', ''),
(117, 67, 18, 1, 'B', ''),
(118, 67, 19, 1, 'B', ''),
(119, 69, 5, 2, 'B', ''),
(120, 69, 16, 2, 'B', ''),
(121, 69, 17, 1, 'A', ''),
(122, 69, 18, 2, 'D', ''),
(123, 69, 19, 2, 'A', '');

-- --------------------------------------------------------

--
-- Table structure for table `checklist_user`
--

CREATE TABLE IF NOT EXISTS `checklist_user` (
  `checklist_user_id` int(1) NOT NULL AUTO_INCREMENT,
  `user_id` int(1) NOT NULL,
  `incident_category_id` tinyint(1) NOT NULL,
  `is_infected` tinyint(1) NOT NULL DEFAULT '0',
  `tracking_id` varchar(255) NOT NULL,
  `status` tinyint(1) NOT NULL DEFAULT '1',
  `status_comments` text NOT NULL,
  `last_updated_section` varchar(20) NOT NULL,
  PRIMARY KEY (`checklist_user_id`),
  KEY `user_id` (`user_id`),
  KEY `incident_category_id` (`incident_category_id`)
) ENGINE=InnoDB  DEFAULT CHARSET=latin1 AUTO_INCREMENT=70 ;

--
-- Dumping data for table `checklist_user`
--

INSERT INTO `checklist_user` (`checklist_user_id`, `user_id`, `incident_category_id`, `is_infected`, `tracking_id`, `status`, `status_comments`, `last_updated_section`) VALUES
(1, 7, 2, 0, '', 0, '', ''),
(2, 8, 2, 0, '', 0, '', ''),
(3, 9, 2, 1, '', 1, '', ''),
(4, 10, 2, 1, '', 1, '', ''),
(5, 11, 2, 1, '', 1, '', ''),
(6, 12, 2, 1, '', 1, '', ''),
(7, 13, 2, 1, '', 1, '', ''),
(8, 14, 2, 1, '', 1, '', ''),
(9, 15, 2, 1, '', 1, '', ''),
(10, 16, 2, 0, '', 0, '', ''),
(11, 17, 2, 1, '', 1, '', ''),
(12, 18, 2, 1, '', 1, '', ''),
(13, 19, 2, 1, '', 1, '', ''),
(14, 20, 2, 0, '', 0, '', ''),
(15, 21, 2, 0, '', 0, '', ''),
(16, 22, 2, 1, '', 1, '', ''),
(17, 23, 2, 1, '', 1, '', ''),
(18, 24, 2, 1, '', 1, '', ''),
(19, 25, 2, 1, '', 1, '', ''),
(20, 26, 2, 1, '', 1, '', ''),
(21, 27, 2, 1, '', 1, '', ''),
(22, 28, 2, 1, '', 1, '', ''),
(23, 29, 2, 1, '', 1, '', ''),
(24, 30, 2, 1, '', 1, '', ''),
(25, 31, 2, 1, '', 1, '', ''),
(26, 32, 2, 1, '', 1, '', ''),
(27, 33, 2, 1, '', 1, '', ''),
(28, 34, 2, 1, '', 1, '', ''),
(29, 35, 2, 1, '', 1, '', ''),
(30, 36, 2, 1, '', 1, '', ''),
(31, 37, 2, 1, '', 1, '', ''),
(32, 38, 2, 1, '', 1, '', ''),
(33, 39, 2, 1, '', 1, '', ''),
(34, 40, 2, 0, '', 0, '', ''),
(35, 41, 2, 1, '', 1, '', ''),
(36, 48, 2, 0, '', 0, '', ''),
(37, 49, 2, 0, '', 0, '', ''),
(50, 51, 2, 1, 'sreejith_51', 1, '', ''),
(51, 52, 2, 1, 'sreejith_52', 2, 'Working on\n\nDONE!!', 'checklist2'),
(53, 53, 2, 1, 'sreejith_53', 1, '', 'checklist2'),
(55, 54, 2, 1, 'sally_54', 1, '', 'checklist2'),
(56, 55, 2, 1, 'mounir_55', 1, '', 'checklist2'),
(57, 56, 2, 1, 'sally_56', 1, '', 'checklist2'),
(58, 57, 2, 0, '', 0, '', 'checklist1'),
(59, 58, 2, 1, 'sallybadr_58', 1, '', 'checklist2'),
(60, 59, 2, 0, '', 0, '', 'checklist1'),
(61, 60, 2, 0, '', 0, '', 'checklist1'),
(62, 61, 2, 1, '_61', 1, '', 'checklist2'),
(63, 62, 2, 1, '_62', 1, '', 'checklist2'),
(64, 64, 2, 1, 'sreejithec_64', 1, '', 'checklist1'),
(65, 65, 2, 1, 'ss_65', 1, '', 'checklist2'),
(66, 66, 2, 1, 'sallybadr_66', 1, '', 'checklist2'),
(67, 67, 2, 1, 'mounir_67', 1, '', 'checklist2'),
(68, 68, 2, 1, 'sreejith_68', 1, '', 'checklist1'),
(69, 69, 2, 1, 'sally_69', 1, '', 'checklist2');

-- --------------------------------------------------------

--
-- Table structure for table `ci_sessions`
--

CREATE TABLE IF NOT EXISTS `ci_sessions` (
  `session_id` varchar(40) NOT NULL DEFAULT '0',
  `ip_address` varchar(16) NOT NULL DEFAULT '0',
  `user_agent` varchar(120) NOT NULL,
  `last_activity` int(10) unsigned NOT NULL DEFAULT '0',
  `user_data` text NOT NULL,
  PRIMARY KEY (`session_id`),
  KEY `last_activity_idx` (`last_activity`)
) ENGINE=InnoDB DEFAULT CHARSET=utf8;

--
-- Dumping data for table `ci_sessions`
--

INSERT INTO `ci_sessions` (`session_id`, `ip_address`, `user_agent`, `last_activity`, `user_data`) VALUES
('093a35bcc2447ac7badc0292a1b5295b', '89.211.51.194', 'Mozilla/4.0 (compatible; MSIE 8.0; Windows NT 6.1;', 1317544254, 'a:1:{s:4:"lang";s:2:"en";}'),
('bb9f43a27ff7cf7b48f7e5b7a126cd65', '89.211.42.58', 'Mozilla/5.0 (X11; Linux i686; rv:6.0.2) Gecko/2010', 1317544436, 'a:11:{s:4:"lang";s:2:"en";s:8:"userinfo";a:4:{s:8:"fullname";s:8:"Sreejith";s:5:"email";s:20:"sreejithec@gmail.com";s:5:"phone";s:8:"33695871";s:8:"datetime";i:1317544442;}s:17:"incident_category";a:8:{s:20:"incident_category_id";s:1:"2";s:25:"incident_category_name_en";s:14:"Malicious Code";s:25:"incident_category_name_ar";s:27:"الشفرة الخبيثة";s:32:"incident_category_description_en";s:463:"<p>Refers to a program that is covertly inserted into another program with the intent to destroy data, run destructive or intrusive programs, or otherwise compromise the security or the confidentiality, integrity, and availability of the victim’s data, applications, or operating system .\nLike a virus, worm, Trojan horse, or other code-based malicious entity that successfully infects a host...</p>\nLike:\n\n•	Virus\n•	Worm\n•	Trojan\n•	Spyware\n•	Botnet\n\n";s:32:"incident_category_description_ar";s:594:"<p>يشير إلى البرنامج الذي تم إدراجه في برنامج آخر سرا بقصد تدمير البيانات ، أو تشغيل البرامج المدمرة متطفلة، أو تسوية خلاف ذلك الأمن والسرية، والنزاهة ، وتوافر البيانات والضحية، والتطبيقات ، أو نظام التشغيل.\nمثل الفيروس ، الدودة، حصان طروادة، أو غيرها من التعليمات البرمجية المستندة إلى كيان الخبيثة التي تصيب بنجاح المضيف...</p>";s:26:"incident_category_links_en";s:608:"<p>Download Microsoft Malware removal from<br>\n<a href="http://call.qcert.org/user_acts/redirect?url=http://www.microsoft.com/security/scanner/en-us/default.aspx" target="_blank">http://www.microsoft.com/security/scanner/en-us/default.aspx</a></p>\n\n<p>Bitdefender Quick Scan<br>\n<a href="http://call.qcert.org/user_acts/redirect?url=http://quickscan.bitdefender.com/en/" target="_blank">http://quickscan.bitdefender.com/en/</a></p>\n\n\n<p>Trend-Micro Quick Scan<br>\n<a href="http://call.qcert.org/user_acts/redirect?url=http://housecall.trendmicro.com" target="_blank">http://housecall.trendmicro.com</a></p>\n\n";s:26:"incident_category_links_ar";s:26:"<p><br _mce_bogus="1"></p>";s:8:"priority";s:1:"0";}s:10:"checklist1";a:9:{i:1;a:1:{s:6:"answer";s:3:"1,D";}i:2;a:1:{s:6:"answer";s:3:"1,D";}i:3;a:1:{s:6:"answer";s:3:"1,D";}i:4;a:1:{s:6:"answer";s:3:"2,A";}i:10;a:1:{s:6:"answer";s:3:"2,A";}i:11;a:1:{s:6:"answer";s:3:"3,B";}i:12;a:1:{s:6:"answer";s:3:"3,B";}i:13;a:1:{s:6:"answer";s:3:"1,C";}i:14;a:1:{s:6:"answer";s:3:"2,A";}}s:11:"tracking_id";s:11:"sreejith_68";s:17:"checklist_user_id";i:68;s:8:"admin_id";s:1:"1";s:10:"admin_name";s:13:"QCERT Admin''s";s:14:"admin_username";s:5:"admin";s:11:"admin_email";s:22:"sreejith@malomatia.com";s:14:"is_super_admin";s:1:"1";}'),
('e1334f73e7c0688462009c71a62dc1dc', '173.225.17.50', 'Mozilla/5.0 (Macintosh; U; Intel Mac OS X 10.6; en', 1317540432, 'a:1:{s:4:"lang";s:2:"en";}'),
('ffe21a8437cb90faf2ac862dcaefe680', '89.211.51.194', 'Mozilla/5.0 (Macintosh; Intel Mac OS X 10.7; rv:7.', 1317544639, 'a:9:{s:4:"lang";s:2:"en";s:8:"userinfo";a:4:{s:8:"fullname";s:6:"mounir";s:5:"email";s:16:"mkamal@qcert.org";s:5:"phone";s:8:"55025589";s:8:"datetime";i:1317543211;}s:17:"incident_category";a:8:{s:20:"incident_category_id";s:1:"1";s:25:"incident_category_name_en";s:15:"Abusive Content";s:25:"incident_category_name_ar";s:33:"المحتويات المسيئة";s:32:"incident_category_description_en";s:127:"Refers to any illegal attempt that impacts loss of productivity or criminal activity.\n\n•	SPAM\n•	Harassment\n•	Child Abuse\n";s:32:"incident_category_description_ar";s:133:"يشير إلى أن أي محاولة غير مشروعة آثار فقدان الإنتاجية أو النشاط الإجرامي.";s:26:"incident_category_links_en";s:0:"";s:26:"incident_category_links_ar";s:0:"";s:8:"priority";s:1:"1";}s:8:"admin_id";s:1:"1";s:10:"admin_name";s:13:"QCERT Admin''s";s:14:"admin_username";s:5:"admin";s:11:"admin_email";s:22:"sreejith@malomatia.com";s:14:"is_super_admin";s:1:"1";s:2:"ic";s:1:"1";}');

-- --------------------------------------------------------

--
-- Table structure for table `cms`
--

CREATE TABLE IF NOT EXISTS `cms` (
  `cms_id` int(1) NOT NULL AUTO_INCREMENT,
  `page` varchar(50) NOT NULL,
  `content_en` longtext NOT NULL,
  `content_ar` longtext NOT NULL,
  PRIMARY KEY (`cms_id`),
  UNIQUE KEY `page` (`page`)
) ENGINE=InnoDB  DEFAULT CHARSET=utf8 AUTO_INCREMENT=7 ;

--
-- Dumping data for table `cms`
--

INSERT INTO `cms` (`cms_id`, `page`, `content_en`, `content_ar`) VALUES
(1, 'home', '<h3><strong>When should you contact our Call Center?</strong></h3>\n<p>If you noticed any weird behavior on your computer or network that may         indicate you a subjected to cyber attack, you should immediately report it to         Q-CERT Call Center and it will be forwarded to Q-CERT if needed.</p>\n<p class="sidebarlt"><strong>How you can submit your incident?</strong><br /> If you suspected that your computer or network has been electronically attacked         call Q-CERT Call Center at +974-44069991 or you can submit your incident         electronically through our website.<br /> <br /></p>\n<p class="sidebardk">Q-CERT intiates the Call Center Project in cooperation Q-TEL aiming to create&nbsp;a a&nbsp;professional team to handle         information Security incidents for public, eradicate number of infected machines         in Qtara and Increase Information Security awareness.<br /> <br /> To have more information abut this enormous initiative please visit :         www.qcert.org</p>\n<p style="margin-top: 25px;"><span style="font-size: 14px; float: left; width: 303px;">Do you think your computer is infected? <br /> Do you think you are a victim of cyber attacks?</span><a class="blue button" style="line-height: 2.1em; vertical-align: middle; float: left; margin: 0px; color: orange;" name="report" href="http://call.qcert.org/userinfo">Report Incident</a></p>', '<p><span id="result_box" lang="ar"><span class="bold"><span class="hps">وينبغي</span> <span class="hps">عند</span> <span class="hps">الاتصال بمركز خدمة العملاء</span>؟</span><br /><br /> <span class="hps">إذا</span> <span class="hps">كنت</span> <span class="hps">لاحظت</span> <span class="hps">أي سلوك</span> <span class="hps">غريب</span> <span class="hps">على جهاز الكمبيوتر</span> <span class="hps">الخاص بك أو الشبكة</span> <span class="hps">التي قد تشير إلى</span> <span class="hps">لك</span> <span class="hps">التعرض لل</span><span>هجوم عبر الانترنت</span><span>، يمكنك</span> <span class="hps">أن تقدم تقريرا</span> <span class="hps">على الفور</span> <span class="hps">إلى</span> <span class="hps">مركز الاتصال</span> <span class="hps">Q -</span> <span class="hps">هاتف</span><span>، وسيتم</span> <span class="hps">إحالته إلى</span> <span class="hps">Q -</span> <span class="hps">CERT</span> <span class="hps">إذا لزم الأمر.</span><br /><br /> <span class="bold"><span class="hps">كيف يمكنك</span> <span class="hps">تقديم</span> <span class="hps">الحادث</span> <span class="hps">الخاص بك؟</span></span><br /> <span class="hps">إذا</span> <span class="hps">كنت</span> <span class="hps">يشتبه</span> <span class="hps">أنه تم</span> <span class="hps">الكمبيوتر أو شبكة</span> <span class="hps">الاتصال</span> <span class="hps">إلكترونيا</span> <span class="hps">هاجموا</span> <span class="hps">مركز الاتصال</span> <span class="hps">على</span> <span class="hps">هاتف</span> <span class="hps">Q -</span> <span class="hps">+974-44069991</span> <span class="hps">أو يمكنك</span> <span class="hps">تقديم</span> <span class="hps">الحادث</span> <span class="hps">إلكترونيا</span> <span class="hps">من خلال</span> <span class="hps">موقعنا.</span><br /><br /> <span class="hps">Q -</span> <span class="hps">CERT</span> <span class="hps">intiates</span> <span class="hps">مشروع</span> <span class="hps">مركز الاتصال</span> <span class="hps">في</span> <span class="hps">كيوتل</span> <span class="hps">التعاون</span> <span class="hps">التي تهدف إلى</span> <span class="hps">إنشاء</span> <span class="hps">فريق</span> <span class="hps">أأ</span> <span class="hps">المهنية للتعامل مع</span> <span class="hps">حوادث</span> <span class="hps">أمن المعلومات</span> <span class="hps">للجمهور</span><span>، والقضاء على</span> <span class="hps">عدد من</span> <span class="hps">الأجهزة المصابة</span> <span class="hps">في</span> <span class="hps">Qtara</span> <span class="hps">وزيادة</span> <span class="hps">الوعي حول أمن المعلومات</span><span>.</span><br /><br /> <span class="hps">ل</span><span>مزيد من المعلومات</span> <span class="hps">تتاخم</span> <span class="hps">هذه المبادرة</span> <span class="hps">الهائلة</span> <span class="hps">يرجى زيارة الموقع :</span> <span class="hps">www.qcert.org</span></span></p>'),
(2, 'faq', '<p><strong>Q: What are malware, viruses, spyware, and cookies, and what differentiates them?</strong></p>\n<p>A: Let us take the easy one first. "Malware" is short for malicious software and is typically used as a catch-all term to refer to any software designed to cause damage to a single computer, server, or computer network, whether it''s a virus, spyware, et al.</p>\n<p><strong>Q. What exactly is a virus? Is a "worm" also a virus?</strong></p>\n<p>Viruses are computer programs or scripts that attempt to spread from one file to another on a single computer and/or from one computer to another, using a variety of methods, without the knowledge and consent of the computer user. A worm is a specific type of virus that propagates itself across many computers, usually by creating copies of itself in each computer&rsquo;s memory.</p>\n<p>Many users define viruses simply as trick programs designed to delete or move hard drive data, which, strictly speaking, is not correct. From a technical viewpoint, what makes a virus a virus is that it spreads itself. The damage it does is often incidental when making a diagnosis.</p>\n<p>Obviously, any incidental damage is important, even when authors do not intend to create problems with their viruses; they can still cause harm unintentionally because the author did not anticipate the full effect or unintentional side effects. The most common method used for spreading a virus is through e-mail attachment. Sending a virus, even if designed to be harmless, can cause unforeseen damage.</p>\n<p><strong>Q. How can I prevent a virus from infecting my computer?</strong></p>\n<p>A virus scanner is the most common tool for prevention. This utility attempts to scan a computer program before it runs, and if it recognizes the signature of a malicious code, it shuts it down. Many scanners also evaluate programs to determine if it contains any virus-related characteristics.</p>\n<p>The best way to stop viruses is to use common sense. If an executable computer program is attached to your e-mail and you are unsure of the source, then it should be deleted immediately. Do not download any applications or executable files from unknown sources, and be careful when trading files with other users.</p>\n<p><strong>Q. What is a "Trojan Horse"? Isn''t this a virus by any other name?</strong></p>\n<p>I have heard some arguments that Trojan Horse malware is a virus subset (and vice versa) but there are differences worth mentioning.</p>\n<p>A Trojan Horse meets the definition of virus that most people use, in the sense that it attempts to infiltrate a computer without the user&rsquo;s knowledge or consent. A Trojan Horse, similar to its Greek mythological counterpart, often presents itself as one form while it is actually another. A recent example of malware acting as a Trojan horse is the recent e-mail version of the "Swen" virus, which falsely claimed to be a Microsoft update application.</p>\n<p>Trojans typically do one of two things: they either destroy or modify data the moment they launch, such as erase a hard drive, or they attempt to ferret out and steal passwords, credit card numbers, and other such confidential information.</p>\n<p>Trojan Horses can be a bigger problem than other types of viruses as they are design to be destructive or disruptive, as opposed to viruses and worms where the coder may not intend to do any harm at all. Essentially this distinction does not matter in the real world. You can lump viruses, Trojans, and worms together as "things I don''t want on my computer or my network".</p>\n<p><strong>Q. How do I prevent a Trojan Horse attack?</strong></p>\n<p>The methods for dealing with Trojans are generally the same as for those for dealing with viruses. Most virus scanners attempt to deal with some of the common Trojans with varying degrees of success. There are also specific "anti-Trojan" scanners available, and your best weapon is common sense yet again. Score another point for safe computing!</p>\n<p><strong>Q. What are cookies and spyware? How are they different?</strong></p>\n<p>A cookie is just a bit of text in a file on your computer, containing a small amount of information that identifies you to a particular website, and whatever information that site wanted to retain about the user when they are visiting.</p>\n<p>Cookies are a legitimate tool used by many websites to track visitor information. As an example, I might go to an online computer store and place an item in the basket, but decide not to buy it right away because I want to compare prices. The store can choose to put the information about what products I put into my basket in a cookie stored on my computer. This is an example of a good use of cookies to help the user experience.</p>\n<p>The only websites that are supposed to be able to retrieve the information stored in a cookie are the websites that wrote the information in that particular cookie. This should ensure your privacy by stopping anyone other than the site you are visiting from being able to read any cookies left by that site.</p>\n<p><strong>Q. Do some websites use cookies to exploit user information?</strong></p>\n<p>A. Unfortunately, yes. Some may deceive users or omit their policies. For example, they may track your Web surfing habits across many different websites without informing you, and then use this data to customize the advertisements you see on websites, etc., typically considered as an invasion of privacy.</p>\n<p>It is difficult to identify this and other forms of "cookie abuse," which makes it difficult to decide if, when, and how to block them from ones system. In addition, the acceptable level of shared information varies between users, so it is difficult to create an "anti-cookie" program to meet the needs of everyone.</p>\n<p><strong>Q. How does spyware exploit user information?</strong></p>\n<p>The spyware problem is similar to the cookie problem from the point of view that both are an invasion of privacy, although spyware is different from cookies, technically speaking. Spyware is a program that runs on your computer and, again, tracks your habits and tailors these patterns for advertisements, etc. Because it is a computer program rather than just a bit of text in a cookie, spyware can also do some nasty things to ensure that the spyware keeps running and keeps influencing what you see.</p>\n<p><strong>Q. How do I know if spyware is running on my computer?</strong></p>\n<p>You can use detection programs such as Ad Aware and others. Similar to antivirus software, these programs compare a list of known spyware with files on your computer and can remove any that it detects. But again, what some consider unacceptable is perfectly acceptable to others.</p>\n<p><strong>Q. How does spyware install itself on computers?</strong></p>\n<p>Common tactics for surreptitious installation include rolling up advertising programs into "free" shareware program downloads, and once the spyware is installed it can download advertisements 24 hours a day and overlay them on websites and programs you are using. Anti-spyware programs can combat spyware from being installed, but the best strategy is to discriminate what you choose to download and install.</p>\n<p><strong>Q. Can spyware send tracked information to other people?</strong></p>\n<p>Some forms of spyware monitor a target&rsquo;s Web use or even general computer use and sends this information back to the spyware program''s authors for use as they see fit. To fight this kind of problem, a spyware removal tool is obviously helpful, as is a firewall that monitors outgoing connections from your computer. Other forms of spyware take over parts of your Web browsing interface, forcing you to use their own search engines, where they can track your browsing habits and send pop-up advertisements to you at will.</p>\n<p>The biggest concern regarding spyware is that most of them are poorly written or designed. Many people first realize their computer is running spyware when it noticeably slows down or stops responding, especially when doing certain tasks such as browsing websites or retrieving e-mail. In addition, poorly written spyware can often cause your computer to function incorrectly even <em>after</em> it has been removed.</p>\n<p><strong>Q. Do you have a quick summary of how to prevent malware problems?</strong></p>\n<p>A: Yes &mdash; see below.</p>\n<p>Two of the biggest concerns for computer users today are viruses and spyware. In both cases, we have seen that while these can be a problem, you can defend yourself against them easily enough with just a little bit of planning:</p>\n<ul>\n<li>Keep your computer&rsquo;s software patched and current. Both your operating system and your anti- virus application must be updated on a regular basis.</li>\n<li>Only download updates from reputable sources. For Windows operating systems, always go to <a href="http://update.microsoft.com/microsoftupdate/">http://update.microsoft.com/microsoftupdate/</a> and for other software always use the legitimate websites of the company or person who produces it.</li>\n<li>Always think before you install something, weigh the risks and benefits, and be aware of the fine print. Does the lengthy license agreement that you don&rsquo;t want to read conceal a warning that you are about to install spyware?</li>\n<li>Install and use a firewall. If you are running Windows XP you can use the built-in software firewall under Control Panel, and there are free versions of firewalls that work on all versions of Windows.</li>\n<li>Prevention is always better than cure.</li>\n</ul>\n<p>&nbsp;</p>\n<p>&nbsp;</p>', '<p>FAQ</p>'),
(3, 'tips', '<p>Security Tips(English)</p>\n<p>\n<object width="572" height="317" data="http://www.youtube.com/v/w0SB6eAnx4Q?version=3&amp;hl=en_US" type="application/x-shockwave-flash">\n<param name="data" value="http://www.youtube.com/v/w0SB6eAnx4Q?version=3&amp;hl=en_US" />\n<param name="allowFullScreen" value="true" />\n<param name="allowscriptaccess" value="always" />\n<param name="src" value="http://www.youtube.com/v/w0SB6eAnx4Q?version=3&amp;hl=en_US" />\n<param name="allowfullscreen" value="true" />\n</object>\n</p>', '<p>Security Tips(Arabic)</p>'),
(5, 'incidentcategories', '<table border="1" cellspacing="0" cellpadding="0" width="660">\n<tbody>\n<tr>\n<td width="135" valign="top">\n<p><strong>&nbsp;</strong></p>\n<p><strong>Incident Categories</strong></p>\n<p>&nbsp;</p>\n</td>\n<td width="381" valign="top">\n<p><strong>&nbsp;</strong></p>\n<p><strong>Incident Definition</strong></p>\n</td>\n<td width="120" valign="top">\n<p><strong>&nbsp;</strong></p>\n<p><strong>Incident   Types</strong></p>\n</td>\n</tr>\n<tr>\n<td rowspan="3" width="135" valign="top">\n<p><strong>&nbsp;</strong></p>\n<p><strong>&nbsp;</strong></p>\n<p><strong>Abusive Content</strong></p>\n</td>\n<td rowspan="3" width="381" valign="top">\n<p>&nbsp;</p>\n<p>Refers to any illegal attempt that impacts loss of productivity or   criminal activity.</p>\n</td>\n<td width="120" valign="top">\n<p>&nbsp;</p>\n<ul>\n<li>SPAM</li>\n</ul>\n</td>\n</tr>\n<tr>\n<td width="120" valign="top">\n<ul>\n<li>&nbsp;Harassment</li>\n</ul>\n</td>\n</tr>\n<tr>\n<td width="120" valign="top">\n<ul>\n<li>&nbsp;Child Abuse</li>\n</ul>\n</td>\n</tr>\n<tr>\n<td rowspan="5" width="135" valign="top">\n<p><strong>&nbsp;</strong></p>\n<p><strong>&nbsp;</strong></p>\n<p><strong>&nbsp;</strong></p>\n<p><strong>&nbsp;</strong></p>\n<p><strong>&nbsp;</strong></p>\n<p><strong>Malicious Code</strong></p>\n<p><strong>&nbsp;</strong></p>\n</td>\n<td rowspan="5" width="381" valign="top">\n<p>&nbsp;</p>\n<p>Refers to a program that is covertly inserted into another program   with the intent to destroy data, run destructive or intrusive programs, or   otherwise compromise the security or the confidentiality, integrity, and   availability of the victim&rsquo;s data, applications, or operating system .</p>\n<p>Like a virus, worm, Trojan horse, or other code-based malicious   entity that successfully infects a host.</p>\n<p>&nbsp;</p>\n</td>\n<td width="120" valign="top">\n<p>&nbsp;</p>\n<p>&nbsp;</p>\n<p>&nbsp;</p>\n<ul>\n<li>Virus</li>\n</ul>\n<p>&nbsp;</p>\n</td>\n</tr>\n<tr>\n<td width="120" valign="top">\n<ul>\n<li>Worm</li>\n</ul>\n<p>&nbsp;</p>\n</td>\n</tr>\n<tr>\n<td width="120" valign="top">\n<ul>\n<li>Trojan</li>\n</ul>\n<p>&nbsp;</p>\n</td>\n</tr>\n<tr>\n<td width="120" valign="top">\n<ul>\n<li>Spyware</li>\n</ul>\n<p>&nbsp;</p>\n</td>\n</tr>\n<tr>\n<td width="120" valign="top">\n<ul>\n<li>Botnet</li>\n</ul>\n<p>&nbsp;</p>\n</td>\n</tr>\n<tr>\n<td rowspan="3" width="135" valign="top">\n<p><strong>&nbsp;</strong></p>\n<p><strong>&nbsp;</strong></p>\n<p><strong>Information gathering</strong></p>\n<p><strong>&nbsp;</strong></p>\n</td>\n<td rowspan="3" width="381" valign="top">\n<p>&nbsp;</p>\n<p>Refers to&nbsp; any attack that   intercept and access information during transmission to be used in a   subsequent attack..</p>\n<p><strong>&nbsp;</strong></p>\n</td>\n<td width="120" valign="top">\n<p>&nbsp;</p>\n<ul>\n<li>Scanning</li>\n</ul>\n<p>&nbsp;</p>\n</td>\n</tr>\n<tr>\n<td width="120" valign="top">\n<ul>\n<li>Sniffing</li>\n</ul>\n<p>&nbsp;</p>\n</td>\n</tr>\n<tr>\n<td width="120" valign="top">\n<ul>\n<li>Social Engineering</li>\n</ul>\n<p>&nbsp;</p>\n</td>\n</tr>\n<tr>\n<td rowspan="2" width="135" valign="top">\n<p><strong>&nbsp;</strong></p>\n<p><strong>&nbsp;</strong></p>\n<p><strong>Intrusion attempts</strong></p>\n<p><strong>&nbsp;</strong></p>\n</td>\n<td rowspan="2" width="381" valign="top">\n<p>&nbsp;</p>\n<p>Refers to any attempt trying to compromise a system or to disrupt any   service by exploiting vulnerabilities with a standardized identifier such as   a CVE name (e.g., buffer overflow, backdoors, cross side scripting, etc).</p>\n</td>\n<td width="120" valign="top">\n<p>&nbsp;</p>\n<ul>\n<li>Exploiting known Vulnerability</li>\n</ul>\n<p>&nbsp;</p>\n<p>&nbsp;</p>\n<p>&nbsp;</p>\n</td>\n</tr>\n<tr>\n<td width="120" valign="top">\n<ul>\n<li>New Attack Signature</li>\n</ul>\n<p>&nbsp;</p>\n</td>\n</tr>\n<tr>\n<td rowspan="2" width="135" valign="top">\n<p><strong>&nbsp;</strong></p>\n<p><strong>&nbsp;</strong></p>\n<p><strong>Intrusions</strong></p>\n</td>\n<td rowspan="2" width="381" valign="top">\n<p>&nbsp;</p>\n<p>Refers to any unauthorized attempt to use of a computer&nbsp; account by someone other than the account   owner</p>\n<p>&nbsp;</p>\n<p>&nbsp;</p>\n<p>&nbsp;</p>\n</td>\n<td width="120" valign="top">\n<ul>\n<li>Account Compromise</li>\n</ul>\n<p>&nbsp;</p>\n</td>\n</tr>\n<tr>\n<td width="120" valign="top">\n<ul>\n<li>Web Compromise</li>\n</ul>\n</td>\n</tr>\n<tr>\n<td width="135" valign="top">\n<p><strong>&nbsp;</strong></p>\n<p><strong>&nbsp;</strong></p>\n<p><strong>&nbsp;</strong></p>\n<p><strong>&nbsp;</strong></p>\n<p><strong>Availability</strong></p>\n</td>\n<td width="381" valign="top">\n<p>&nbsp;</p>\n<p>Refers to any attack that makes a resource unavailable by initiating   large numbers of incomplete connection requests .This type of attack   overwhelms capacity, typically preventing new connections from being made.</p>\n</td>\n<td width="120" valign="top">\n<p>&nbsp;</p>\n<p>&nbsp;</p>\n<p>&nbsp;</p>\n<ul>\n<li>DOS Denial of Service Attacks</li>\n</ul>\n<p>&nbsp;</p>\n<p>&nbsp;</p>\n<p>&nbsp;</p>\n<p>&nbsp;</p>\n<p>&nbsp;</p>\n</td>\n</tr>\n<tr>\n<td rowspan="2" width="135" valign="top">\n<p><strong>&nbsp;</strong></p>\n<p><strong>&nbsp;</strong></p>\n<p><strong>Information Security</strong></p>\n<p><strong>&nbsp;</strong></p>\n</td>\n<td rowspan="2" width="381" valign="top">\n<p>&nbsp;</p>\n<p>Refers to any <em>unauthorized access </em>incident occurs when a   person gains access to resources that the person was not intended to have.   Unauthorized access is typically gained through the exploitation of operating   system or application vulnerabilities, the acquisition of usernames and   passwords, or social engineering.</p>\n</td>\n<td width="120" valign="top">\n<p>&nbsp;</p>\n<ul>\n<li>Unauthorized Access</li>\n</ul>\n<p>&nbsp;</p>\n</td>\n</tr>\n<tr>\n<td width="120" valign="top">\n<ul>\n<li>Unauthorized Modification</li>\n</ul>\n<p>&nbsp;</p>\n</td>\n</tr>\n<tr>\n<td rowspan="3" width="135" valign="top">\n<p><strong>&nbsp;</strong></p>\n<p><strong>&nbsp;</strong></p>\n<p><strong>&nbsp;</strong></p>\n<p><strong>&nbsp;</strong></p>\n<p><strong>&nbsp;</strong></p>\n<p><strong>&nbsp;</strong></p>\n<p><strong>Fraud</strong></p>\n<p><strong>&nbsp;</strong></p>\n</td>\n<td rowspan="3" width="381" valign="top">\n<p>&nbsp;</p>\n<p>Refers to any attempt for using resources for unauthorized purposes,   including profit-making ventures (eg, the use of e-mail to participate in   illegal chain letters for profit or pyramid schemes).</p>\n<p>Selling or installing copies of unlicensed commercial software or   other copyright protected materials (Warez). Or defines any type of attacks   in which one entity illegitimately assumes the identity of another in order   to benefit from it</p>\n<p>&nbsp;</p>\n</td>\n<td width="120" valign="top">\n<p>&nbsp;</p>\n<ul>\n<li>Unauthorized use of resource</li>\n</ul>\n<p>&nbsp;</p>\n</td>\n</tr>\n<tr>\n<td width="120" valign="top">\n<ul>\n<li>Copyright</li>\n</ul>\n<p>&nbsp;</p>\n</td>\n</tr>\n<tr>\n<td width="120" valign="top">\n<ul>\n<li>Masquerade</li>\n</ul>\n<p>&nbsp;</p>\n</td>\n</tr>\n<tr>\n<td width="135" valign="top">\n<p>&nbsp;</p>\n<p>&nbsp;</p>\n<p>&nbsp;</p>\n<p>&nbsp;</p>\n<p>&nbsp;</p>\n<p><strong>Others</strong></p>\n<p>&nbsp;</p>\n</td>\n<td width="381" valign="top">\n<p>&nbsp;</p>\n<p>Refers to non-malware threats that are often associated with malware   like phishing and virus hoaxes. Both phishing and virus hoaxes rely entirely   on social engineering, which is a general term for attackers trying to trick   people into revealing sensitive information or performing certain   actions.&nbsp; <br /> <em><span style="text-decoration: underline;">Phishing</span></em> refers to criminally fraudulent process of attempting   to acquire sensitive information such as usernames, passwords and credit card   details by masquerading as a trustworthy entity in an electronic communication.</p>\n<p>&nbsp;</p>\n</td>\n<td width="120" valign="top">\n<p>&nbsp;</p>\n<p>&nbsp;</p>\n<ul>\n<li>Phishing</li>\n</ul>\n<p>&nbsp;</p>\n</td>\n</tr>\n</tbody>\n</table>', ''),
(6, 'fastlinks', '', '<p>Fast Links</p>');

-- --------------------------------------------------------

--
-- Table structure for table `incident_category`
--

CREATE TABLE IF NOT EXISTS `incident_category` (
  `incident_category_id` tinyint(1) NOT NULL AUTO_INCREMENT,
  `incident_category_name_en` varchar(100) CHARACTER SET utf8 NOT NULL,
  `incident_category_name_ar` varchar(225) CHARACTER SET utf8 NOT NULL,
  `incident_category_description_en` text CHARACTER SET utf8 NOT NULL,
  `incident_category_description_ar` text CHARACTER SET utf8 NOT NULL,
  `incident_category_links_en` mediumtext NOT NULL,
  `incident_category_links_ar` mediumtext NOT NULL,
  `priority` tinyint(1) NOT NULL DEFAULT '1',
  PRIMARY KEY (`incident_category_id`),
  UNIQUE KEY `incident_category_name_en` (`incident_category_name_en`),
  UNIQUE KEY `incident_category_name_ar` (`incident_category_name_ar`)
) ENGINE=InnoDB  DEFAULT CHARSET=latin1 AUTO_INCREMENT=10 ;

--
-- Dumping data for table `incident_category`
--

INSERT INTO `incident_category` (`incident_category_id`, `incident_category_name_en`, `incident_category_name_ar`, `incident_category_description_en`, `incident_category_description_ar`, `incident_category_links_en`, `incident_category_links_ar`, `priority`) VALUES
(1, 'Abusive Content', 'المحتويات المسيئة', 'Refers to any illegal attempt that impacts loss of productivity or criminal activity.\n\n•	SPAM\n•	Harassment\n•	Child Abuse\n', 'يشير إلى أن أي محاولة غير مشروعة آثار فقدان الإنتاجية أو النشاط الإجرامي.', '', '', 1),
(2, 'Malicious Code', 'الشفرة الخبيثة', '<p>Refers to a program that is covertly inserted into another program with the intent to destroy data, run destructive or intrusive programs, or otherwise compromise the security or the confidentiality, integrity, and availability of the victim’s data, applications, or operating system .\nLike a virus, worm, Trojan horse, or other code-based malicious entity that successfully infects a host...</p>\nLike:\n\n•	Virus\n•	Worm\n•	Trojan\n•	Spyware\n•	Botnet\n\n', '<p>يشير إلى البرنامج الذي تم إدراجه في برنامج آخر سرا بقصد تدمير البيانات ، أو تشغيل البرامج المدمرة متطفلة، أو تسوية خلاف ذلك الأمن والسرية، والنزاهة ، وتوافر البيانات والضحية، والتطبيقات ، أو نظام التشغيل.\nمثل الفيروس ، الدودة، حصان طروادة، أو غيرها من التعليمات البرمجية المستندة إلى كيان الخبيثة التي تصيب بنجاح المضيف...</p>', '<p>Download Microsoft Malware removal from<br>\n<a href="http://call.qcert.org/user_acts/redirect?url=http://www.microsoft.com/security/scanner/en-us/default.aspx" target="_blank">http://www.microsoft.com/security/scanner/en-us/default.aspx</a></p>\n\n<p>Bitdefender Quick Scan<br>\n<a href="http://call.qcert.org/user_acts/redirect?url=http://quickscan.bitdefender.com/en/" target="_blank">http://quickscan.bitdefender.com/en/</a></p>\n\n\n<p>Trend-Micro Quick Scan<br>\n<a href="http://call.qcert.org/user_acts/redirect?url=http://housecall.trendmicro.com" target="_blank">http://housecall.trendmicro.com</a></p>\n\n', '<p><br _mce_bogus="1"></p>', 0),
(3, 'Information gathering', 'جمع المعلومات', 'Refers to  any attack that intercept and access information during transmission to be used in a subsequent attack..\nLike:\n\n•	Scanning\n•	Sniffing\n•	Social Engineering\n\n', 'يشير إلى أن أي هجوم لاستخدامها اعتراض والوصول إلى المعلومات أثناء الإرسال في هجوم لاحق..', '', '', 3),
(4, 'Intrusion attempts', 'محاولات الاختراق', 'Refers to any attempt trying to compromise a system or to disrupt any service by exploiting vulnerabilities with a standardized identifier such as a CVE name (e.g., buffer overflow, backdoor, cross side scripting, etc).\nLike:\n\n\n•	Exploiting known Vulnerability\n•	New Attack Signature\n\n', '', '', '', 4),
(5, 'Intrusion', 'الاختراق', 'Refers to any unauthorized attempt to use of a computer  account by someone other than the account owner\nLike:\n•	Account Compromise\n•	Web Compromise\n', '', '', '', 5),
(6, 'Information Security', 'أمن المعلومات', 'Refers to any unauthorized access incident occurs when a person gains access to resources that the person was not intended to have. Unauthorized access is typically gained through the exploitation of operating system or application vulnerabilities, the acquisition of usernames and passwords, or social engineering.\nLike:\n\n•	Unauthorized Access\n•	Unauthorized Modification\n\n', '', '', '', 2),
(8, 'Fraud', 'الاحتيال', 'Refers to any attempt for using resources for unauthorized purposes, including profit-making ventures (eg, the use of e-mail to participate in illegal chain letters for profit or pyramid schemes).\nSelling or installing copies of unlicensed commercial software or other copyright protected materials (Warez). Or defines any type of attacks in which one entity illegitimately assumes the identity of another in order to benefit from it\nlike:\n\n\n•	Unauthorized use of resource\n•	Copyright\n•	Masquerade\n\n', '', '', '', 3),
(9, 'Others', 'أخرى', 'Refers to non-malware threats that are often associated with malware like phishing and virus hoaxes. Both phishing and virus hoaxes rely entirely on social engineering, which is a general term for attackers trying to trick people into revealing sensitive information or performing certain actions.  \nPhishing refers to criminally fraudulent process of attempting to acquire sensitive information such as usernames, passwords and credit card details by masquerading as a trustworthy entity in an electronic communication\nLike:\n\n\n•	Phishing\n', '', '', '', 8);

-- --------------------------------------------------------

--
-- Table structure for table `link_checklist_answers`
--

CREATE TABLE IF NOT EXISTS `link_checklist_answers` (
  `link_id` int(1) NOT NULL AUTO_INCREMENT,
  `question_id` mediumint(1) unsigned NOT NULL,
  `answer_id` tinyint(1) NOT NULL,
  `weight` enum('A','B','C','D') NOT NULL DEFAULT 'A',
  PRIMARY KEY (`link_id`),
  UNIQUE KEY `UNIQUE_QUESTION_ANSWER` (`question_id`,`answer_id`),
  KEY `question_id` (`question_id`),
  KEY `answer_id` (`answer_id`)
) ENGINE=InnoDB  DEFAULT CHARSET=utf8 AUTO_INCREMENT=223 ;

--
-- Dumping data for table `link_checklist_answers`
--

INSERT INTO `link_checklist_answers` (`link_id`, `question_id`, `answer_id`, `weight`) VALUES
(100, 7, 1, 'D'),
(101, 7, 2, 'C'),
(102, 7, 3, 'A'),
(104, 9, 1, 'D'),
(154, 6, 1, 'D'),
(155, 6, 2, 'A'),
(156, 6, 3, 'B'),
(157, 16, 1, 'A'),
(158, 16, 2, 'B'),
(159, 16, 3, 'C'),
(160, 17, 1, 'A'),
(161, 17, 2, 'B'),
(162, 17, 3, 'C'),
(163, 19, 1, 'B'),
(164, 19, 2, 'A'),
(165, 19, 3, 'C'),
(166, 18, 1, 'B'),
(167, 18, 2, 'D'),
(168, 18, 3, 'B'),
(169, 5, 1, 'D'),
(170, 5, 2, 'B'),
(171, 5, 3, 'A'),
(172, 2, 1, 'D'),
(173, 2, 2, 'A'),
(174, 2, 3, 'B'),
(181, 4, 1, 'D'),
(182, 4, 2, 'A'),
(183, 4, 3, 'B'),
(190, 3, 1, 'D'),
(191, 3, 2, 'A'),
(192, 3, 3, 'B'),
(196, 12, 1, 'D'),
(197, 12, 2, 'A'),
(198, 12, 3, 'B'),
(202, 11, 1, 'D'),
(203, 11, 2, 'A'),
(204, 11, 3, 'B'),
(211, 10, 1, 'D'),
(212, 10, 2, 'A'),
(213, 10, 3, 'B'),
(214, 1, 1, 'D'),
(215, 1, 2, 'A'),
(216, 1, 3, 'B'),
(217, 13, 1, 'C'),
(218, 13, 2, 'A'),
(219, 13, 3, 'B'),
(220, 14, 1, 'C'),
(221, 14, 2, 'A'),
(222, 14, 3, 'B');

-- --------------------------------------------------------

--
-- Table structure for table `settings`
--

CREATE TABLE IF NOT EXISTS `settings` (
  `settings_id` tinyint(1) NOT NULL AUTO_INCREMENT,
  `code` varchar(50) NOT NULL,
  `value` varchar(255) NOT NULL,
  PRIMARY KEY (`settings_id`),
  UNIQUE KEY `settings_code_2` (`code`),
  KEY `settings_code` (`code`,`value`)
) ENGINE=InnoDB  DEFAULT CHARSET=latin1 AUTO_INCREMENT=4 ;

--
-- Dumping data for table `settings`
--

INSERT INTO `settings` (`settings_id`, `code`, `value`) VALUES
(2, 'checklist1_condition', 'D=2|D=1+C=1+B=3'),
(1, 'email', 'sreejith@malomatia.com'),
(3, 'infected_ips_csv', '72c4af977e07fef14726a789f147ecce.csv');

-- --------------------------------------------------------

--
-- Table structure for table `user`
--

CREATE TABLE IF NOT EXISTS `user` (
  `user_id` int(11) NOT NULL AUTO_INCREMENT,
  `fullname` varchar(255) CHARACTER SET utf8 NOT NULL,
  `email` varchar(50) CHARACTER SET utf8 NOT NULL,
  `phone` varchar(20) CHARACTER SET utf8 NOT NULL,
  `datetime` int(1) NOT NULL,
  `type` varchar(2) NOT NULL DEFAULT 'B',
  PRIMARY KEY (`user_id`)
) ENGINE=InnoDB  DEFAULT CHARSET=latin1 AUTO_INCREMENT=70 ;

--
-- Dumping data for table `user`
--

INSERT INTO `user` (`user_id`, `fullname`, `email`, `phone`, `datetime`, `type`) VALUES
(1, 'Not Infected User', 'sreejith@malomatia.com', '33695871', 1308732745, 'B'),
(2, 'Infected User', 'sreejithec@yahoo.com', '33685871', 1308732821, 'B'),
(3, 'Sreejith E C', 'sreejithec@yahoo.com', '33695871', 1308743087, 'B'),
(4, 'Sreejith E C', 'sreejithec@yahoo.com', '33695871', 1308833105, 'B'),
(5, 'Sreejith E C', 'sreejithec@yahoo.com', '33695871', 1308833105, 'B'),
(6, 'Sreejith E C', 'sreejithec@yahoo.com', '33695871', 1308833226, 'B'),
(7, 'Sreejith E C', 'sreejithec@gmail.com', '33576431', 1309496727, 'B'),
(8, 'Sreejith E C', 'sreejithec@gmail.com', '33576431', 1309496924, 'B'),
(9, 'Infected', 'sreejithec@yahoo.com', '33576431', 1309497019, 'B'),
(10, 'Infected User', 'sreejithec@yahoo.com', '33695871', 1309857708, 'B'),
(11, 'Infected User', 'sreejithec@yahoo.com', '33695871', 1309857791, 'B'),
(12, 'Sreejith E C', 'sreejithec@yahoo.com', '33695871', 1309857951, 'B'),
(13, 'Sreejith E C', 'sreejithec@yahoo.com', '33695871', 1309857951, 'B'),
(14, 'Sreejith E C', 'sreejithec@yahoo.com', '33695871', 1309857951, 'B'),
(15, 'Infected User', 'sreejithec@yahoo.com', '33695871', 1309858646, 'B'),
(16, 'Infected User', 'sreejithec@yahoo.com', '33695871', 1309858646, 'B'),
(17, 'Sreejith E C', 'sreejithec@yahoo.com', '33695871', 1315727307, 'B'),
(18, 'Sreejith E C', 'sreejithec@yahoo.com', '33695871', 1315727307, 'B'),
(19, 'Sreejith E C', 'sreejithec@yahoo.com', '33695871', 1315727307, 'B'),
(20, 'Sreejith E C', 'sreejithec@yahoo.com', '33695871', 1315727307, 'B'),
(21, 'Sreejith E C', 'sreejithec@yahoo.com', '33695871', 1315738323, 'B'),
(22, 'Sreejith E C', 'sreejithec@yahoo.com', '33695871', 1315900207, 'B'),
(23, 'Sreejith E C', 'sreejithec@yahoo.com', '33695871', 1315900207, 'B'),
(24, 'Sreejith E C', 'sreejithec@yahoo.com', '33695871', 1315900899, 'B'),
(25, 'Sreejith E C', 'sreejithec@yahoo.com', '33695871', 1315900991, 'B'),
(26, 'Sreejith E C', 'sreejithec@yahoo.com', '33695871', 1315901072, 'B'),
(27, 'Sreejith E C', 'sreejithec@yahoo.com', '33695871', 1315901072, 'B'),
(28, 'Sreejith E C', 'sreejithec@yahoo.com', '33695871', 1315901072, 'B'),
(29, 'Sreejith E C', 'sreejithec@yahoo.com', '33695871', 1315901072, 'B'),
(30, 'Sreejith E C', 'sreejithec@yahoo.com', '33695871', 1315901072, 'B'),
(31, 'Sreejith E C', 'sreejithec@yahoo.com', '33695871', 1315901072, 'B'),
(32, 'Sreejith E C', 'sreejithec@yahoo.com', '33695871', 1315901072, 'B'),
(33, 'Sreejith E C', 'sreejithec@yahoo.com', '33695871', 1315901072, 'B'),
(34, 'Sreejith E C', 'sreejithec@yahoo.com', '33695871', 1315901072, 'B'),
(35, 'Sreejith E C', 'sreejithec@yahoo.com', '33695871', 1315901591, 'B'),
(36, 'Sreejith E C', 'sreejithec@yahoo.com', '33695871', 1315902129, 'B'),
(37, 'Sreejith E C', 'sreejithec@yahoo.com', '33695871', 1315916690, 'B'),
(38, 'Sreejith E C', 'sreejithec@yahoo.com', '33695871', 1315916690, 'B'),
(39, 'Sreejith E C', 'sreejith@malomatia.com', '33695871', 1315988428, 'AB'),
(40, 'Sreejith E C', 'sreejith@malomatia.com', '33695871', 1316068397, 'AB'),
(41, 'Sreejith', 'sreejithec@gmail.com', '33695871', 1316423863, 'B'),
(42, 'mounir', 'mkamal@qcert.org', '55025589', 1316496859, 'A'),
(43, 'mounir', 'mkamal@qcert.org', '55025589', 1316501421, 'A'),
(44, 'mounir', 'mkamal@qcert.org', '55025589', 1316512223, 'A'),
(45, 'mounir', 'mkamal@qcert.org', '55025589', 1316512559, 'A'),
(46, 'Sreejith', 'sreejithec@gmail.com', '33695871', 1316588831, 'A'),
(47, 'mounir', 'mkamal@qcert.org', '55025589', 1316593768, 'A'),
(48, 'Ehab', 'ehab.talaat@ymail.com', '33843092', 1316945088, 'B'),
(49, 'mounir', 'mkamal@qcert.org', '55025589', 1317016102, 'B'),
(51, 'Sreejith', 'sreejithec@gmail.com', '33695871', 1317102568, 'B'),
(52, 'Sreejith', 'sreejithec@gmail.com', '33695871', 1317121582, 'B'),
(53, 'Sreejith', 'sreejithec@gmail.com', '33695871', 1317121672, 'B'),
(54, 'Sally', 'sally_badr@yahoo.com', '12345678', 1317232804, 'B'),
(55, 'mounir', 'mkamal@qcert.org', '55025589', 1317240456, 'B'),
(56, 'Sally', 'sally_badr@yahoo.com', '12345678', 1317288323, 'B'),
(57, 'Badr', 'sally@sally.com', '00011111', 1317288548, 'B'),
(58, 'Sally Badr', 'sally@sally.com', '00011111', 1317288762, 'B'),
(59, 'sally2', 'sally@sally.com', '12345678', 1317289163, 'B'),
(60, 'Sally Badr', 'sally@sally.com', '12345678', 1317289249, 'B'),
(61, '111111111', 'sally@sally.com', '12345678', 1317289457, 'B'),
(62, '111111', 'sally@sally.com', '11111111', 1317289776, 'B'),
(63, 'Sreejith', 'sreejithec@gmail.com', '33695871', 1317297320, 'A'),
(64, 'Sreejith E C', 'sreejithec@gmail.com', '33695871', 1317299212, 'B'),
(65, 'ss', 'sally@sally.com', '12345678', 1317454466, 'B'),
(66, 'Sally Badr', 'SB@sb.com', '12345678', 1317456413, 'B'),
(67, 'mounir', 'mkamal@qcert.org', '55025589', 1317536600, 'B'),
(68, 'Sreejith', 'sreejithec@gmail.com', '33695871', 1317538185, 'B'),
(69, 'Sally', 'sally_badr@yahoo.com', '12345678', 1317550670, 'B');

-- --------------------------------------------------------

--
-- Table structure for table `user_acts`
--

CREATE TABLE IF NOT EXISTS `user_acts` (
  `user_act_id` int(11) NOT NULL AUTO_INCREMENT,
  `user_id` int(11) NOT NULL,
  `incident_category_id` tinyint(1) NOT NULL,
  `activity` text NOT NULL,
  PRIMARY KEY (`user_act_id`),
  KEY `user_id` (`user_id`),
  KEY `incident_category_id` (`incident_category_id`)
) ENGINE=InnoDB  DEFAULT CHARSET=utf8 AUTO_INCREMENT=17 ;

--
-- Dumping data for table `user_acts`
--

INSERT INTO `user_acts` (`user_act_id`, `user_id`, `incident_category_id`, `activity`) VALUES
(3, 39, 2, 'Downloaded file license.txt'),
(4, 39, 2, 'Clicked on http://www.microsoft.com/security/scanner/en-us/default.aspx'),
(5, 39, 2, 'Clicked on <strong>http://www.microsoft.com/security/scanner/en-us/default.aspx</strong>'),
(6, 40, 2, 'Clicked on <strong>http://www.microsoft.com/security/scanner/en-us/default.aspx</strong>'),
(7, 42, 2, 'Clicked on <strong>http://www.microsoft.com/security/scanner/en-us/default.aspx</strong>'),
(8, 43, 2, 'Clicked on <strong>http://quickscan.bitdefender.com/en/</strong>'),
(9, 44, 2, 'Clicked on <strong>http://housecall.microtrend.com</strong>'),
(10, 44, 2, 'Clicked on <strong>http://housecall.microtrend.com</strong>'),
(11, 45, 2, 'Clicked on <strong>http://housecall.trendmicro.com</strong>'),
(12, 46, 2, 'Clicked on <strong>http://housecall.trendmicro.com</strong>'),
(13, 47, 2, 'Clicked on <strong>http://www.microsoft.com/security/scanner/en-us/default.aspx</strong>'),
(14, 63, 2, 'Clicked on <strong>http://www.microsoft.com/security/scanner/en-us/default.aspx</strong>'),
(15, 63, 2, 'Clicked on <strong>http://quickscan.bitdefender.com/en/</strong>'),
(16, 63, 2, 'Clicked on <strong>http://housecall.trendmicro.com</strong>');

--
-- Constraints for dumped tables
--

--
-- Constraints for table `bestpractices`
--
ALTER TABLE `bestpractices`
  ADD CONSTRAINT `bestpractices_ibfk_1` FOREIGN KEY (`incident_category_id`) REFERENCES `incident_category` (`incident_category_id`);

--
-- Constraints for table `checklist`
--
ALTER TABLE `checklist`
  ADD CONSTRAINT `checklist_ibfk_1` FOREIGN KEY (`incident_category_id`) REFERENCES `incident_category` (`incident_category_id`) ON DELETE SET NULL;

--
-- Constraints for table `checklist1_user_data`
--
ALTER TABLE `checklist1_user_data`
  ADD CONSTRAINT `checklist1_user_data_ibfk_2` FOREIGN KEY (`selected_answer_id`) REFERENCES `answers` (`answer_id`) ON DELETE CASCADE,
  ADD CONSTRAINT `checklist1_user_data_ibfk_3` FOREIGN KEY (`question_id`) REFERENCES `checklist` (`question_id`) ON DELETE CASCADE,
  ADD CONSTRAINT `checklist1_user_data_ibfk_4` FOREIGN KEY (`checklist_user_id`) REFERENCES `checklist_user` (`checklist_user_id`) ON DELETE CASCADE;

--
-- Constraints for table `checklist2_user_data`
--
ALTER TABLE `checklist2_user_data`
  ADD CONSTRAINT `checklist2_user_data_ibfk_1` FOREIGN KEY (`checklist_user_id`) REFERENCES `checklist_user` (`checklist_user_id`) ON DELETE CASCADE,
  ADD CONSTRAINT `checklist2_user_data_ibfk_2` FOREIGN KEY (`question_id`) REFERENCES `checklist` (`question_id`) ON DELETE CASCADE,
  ADD CONSTRAINT `checklist2_user_data_ibfk_3` FOREIGN KEY (`selected_answer_id`) REFERENCES `answers` (`answer_id`) ON DELETE CASCADE;

--
-- Constraints for table `checklist_user`
--
ALTER TABLE `checklist_user`
  ADD CONSTRAINT `checklist_user_ibfk_1` FOREIGN KEY (`user_id`) REFERENCES `user` (`user_id`) ON DELETE CASCADE ON UPDATE NO ACTION,
  ADD CONSTRAINT `checklist_user_ibfk_2` FOREIGN KEY (`incident_category_id`) REFERENCES `incident_category` (`incident_category_id`);

--
-- Constraints for table `link_checklist_answers`
--
ALTER TABLE `link_checklist_answers`
  ADD CONSTRAINT `link_checklist_answers_ibfk_1` FOREIGN KEY (`answer_id`) REFERENCES `answers` (`answer_id`) ON DELETE CASCADE ON UPDATE CASCADE,
  ADD CONSTRAINT `link_checklist_answers_ibfk_2` FOREIGN KEY (`question_id`) REFERENCES `checklist` (`question_id`) ON DELETE CASCADE ON UPDATE CASCADE;

--
-- Constraints for table `user_acts`
--
ALTER TABLE `user_acts`
  ADD CONSTRAINT `user_acts_ibfk_1` FOREIGN KEY (`user_id`) REFERENCES `user` (`user_id`),
  ADD CONSTRAINT `user_acts_ibfk_2` FOREIGN KEY (`incident_category_id`) REFERENCES `incident_category` (`incident_category_id`);

/*!40101 SET CHARACTER_SET_CLIENT=@OLD_CHARACTER_SET_CLIENT */;
/*!40101 SET CHARACTER_SET_RESULTS=@OLD_CHARACTER_SET_RESULTS */;
/*!40101 SET COLLATION_CONNECTION=@OLD_COLLATION_CONNECTION */;
